region_name,country,recording_date,headline_cpi,inflation_rate,energy_cpi_weight
United Kingdom,United Kingdom,2000-01-01,71.9,0.8,
United Kingdom,United Kingdom,2000-02-01,72.2,0.9,
United Kingdom,United Kingdom,2000-03-01,72.3,0.6,
United Kingdom,United Kingdom,2000-04-01,72.6,0.6,
United Kingdom,United Kingdom,2000-05-01,72.8,0.5,
United Kingdom,United Kingdom,2000-06-01,72.9,0.8,
United Kingdom,United Kingdom,2000-07-01,72.5,0.9,
United Kingdom,United Kingdom,2000-08-01,72.5,0.6,
United Kingdom,United Kingdom,2000-09-01,73.1,1.0,
United Kingdom,United Kingdom,2000-10-01,73.1,1.0,
United Kingdom,United Kingdom,2000-11-01,73.2,1.1,
United Kingdom,United Kingdom,2000-12-01,73.2,0.8,
United Kingdom,United Kingdom,2001-01-01,72.6,0.9,
United Kingdom,United Kingdom,2001-02-01,72.7,0.8,
United Kingdom,United Kingdom,2001-03-01,73.0,0.9,
United Kingdom,United Kingdom,2001-04-01,73.4,1.2,
United Kingdom,United Kingdom,2001-05-01,74.0,1.7,
United Kingdom,United Kingdom,2001-06-01,74.1,1.7,
United Kingdom,United Kingdom,2001-07-01,73.6,1.4,
United Kingdom,United Kingdom,2001-08-01,73.9,1.8,
United Kingdom,United Kingdom,2001-09-01,74.1,1.3,
United Kingdom,United Kingdom,2001-10-01,73.9,1.2,
United Kingdom,United Kingdom,2001-11-01,73.8,0.8,
United Kingdom,United Kingdom,2001-12-01,74.0,1.1,
United Kingdom,United Kingdom,2002-01-01,73.7,1.6,
United Kingdom,United Kingdom,2002-02-01,73.8,1.5,
United Kingdom,United Kingdom,2002-03-01,74.1,1.5,
United Kingdom,United Kingdom,2002-04-01,74.4,1.4,
United Kingdom,United Kingdom,2002-05-01,74.6,0.8,
United Kingdom,United Kingdom,2002-06-01,74.6,0.6,
United Kingdom,United Kingdom,2002-07-01,74.4,1.1,
United Kingdom,United Kingdom,2002-08-01,74.6,1.0,
United Kingdom,United Kingdom,2002-09-01,74.8,1.0,
United Kingdom,United Kingdom,2002-10-01,74.9,1.4,
United Kingdom,United Kingdom,2002-11-01,74.9,1.5,
United Kingdom,United Kingdom,2002-12-01,75.2,1.7,
United Kingdom,United Kingdom,2003-01-01,74.7,1.3,
United Kingdom,United Kingdom,2003-02-01,75.0,1.6,
United Kingdom,United Kingdom,2003-03-01,75.3,1.5,
United Kingdom,United Kingdom,2003-04-01,75.5,1.4,
United Kingdom,United Kingdom,2003-05-01,75.5,1.3,
United Kingdom,United Kingdom,2003-06-01,75.4,1.1,
United Kingdom,United Kingdom,2003-07-01,75.3,1.3,
United Kingdom,United Kingdom,2003-08-01,75.6,1.4,
United Kingdom,United Kingdom,2003-09-01,75.9,1.4,
United Kingdom,United Kingdom,2003-10-01,76.0,1.4,
United Kingdom,United Kingdom,2003-11-01,75.9,1.3,
United Kingdom,United Kingdom,2003-12-01,76.2,1.3,
United Kingdom,United Kingdom,2004-01-01,75.8,1.4,
United Kingdom,United Kingdom,2004-02-01,76.0,1.3,
United Kingdom,United Kingdom,2004-03-01,76.1,1.1,
United Kingdom,United Kingdom,2004-04-01,76.4,1.1,
United Kingdom,United Kingdom,2004-05-01,76.6,1.5,
United Kingdom,United Kingdom,2004-06-01,76.6,1.6,
United Kingdom,United Kingdom,2004-07-01,76.4,1.4,
United Kingdom,United Kingdom,2004-08-01,76.6,1.3,
United Kingdom,United Kingdom,2004-09-01,76.7,1.1,
United Kingdom,United Kingdom,2004-10-01,76.9,1.2,
United Kingdom,United Kingdom,2004-11-01,77.0,1.5,
United Kingdom,United Kingdom,2004-12-01,77.4,1.7,
United Kingdom,United Kingdom,2005-01-01,77.0,1.6,
United Kingdom,United Kingdom,2005-02-01,77.2,1.7,
United Kingdom,United Kingdom,2005-03-01,77.5,1.9,
United Kingdom,United Kingdom,2005-04-01,77.8,1.9,
United Kingdom,United Kingdom,2005-05-01,78.1,1.9,
United Kingdom,United Kingdom,2005-06-01,78.1,2.0,
United Kingdom,United Kingdom,2005-07-01,78.2,2.3,
United Kingdom,United Kingdom,2005-08-01,78.4,2.4,
United Kingdom,United Kingdom,2005-09-01,78.6,2.5,
United Kingdom,United Kingdom,2005-10-01,78.7,2.3,
United Kingdom,United Kingdom,2005-11-01,78.7,2.1,
United Kingdom,United Kingdom,2005-12-01,78.9,1.9,
United Kingdom,United Kingdom,2006-01-01,78.5,1.9,
United Kingdom,United Kingdom,2006-02-01,78.8,2.0,
United Kingdom,United Kingdom,2006-03-01,78.9,1.8,
United Kingdom,United Kingdom,2006-04-01,79.4,2.0,
United Kingdom,United Kingdom,2006-05-01,79.9,2.2,
United Kingdom,United Kingdom,2006-06-01,80.1,2.5,
United Kingdom,United Kingdom,2006-07-01,80.0,2.4,
United Kingdom,United Kingdom,2006-08-01,80.4,2.5,
United Kingdom,United Kingdom,2006-09-01,80.5,2.4,
United Kingdom,United Kingdom,2006-10-01,80.6,2.4,
United Kingdom,United Kingdom,2006-11-01,80.8,2.7,
United Kingdom,United Kingdom,2006-12-01,81.3,3.0,
United Kingdom,United Kingdom,2007-01-01,80.6,2.7,
United Kingdom,United Kingdom,2007-02-01,81.0,2.8,
United Kingdom,United Kingdom,2007-03-01,81.4,3.1,
United Kingdom,United Kingdom,2007-04-01,81.6,2.8,
United Kingdom,United Kingdom,2007-05-01,81.8,2.5,
United Kingdom,United Kingdom,2007-06-01,82.0,2.4,
United Kingdom,United Kingdom,2007-07-01,81.5,1.9,
United Kingdom,United Kingdom,2007-08-01,81.8,1.8,
United Kingdom,United Kingdom,2007-09-01,81.9,1.8,
United Kingdom,United Kingdom,2007-10-01,82.3,2.1,
United Kingdom,United Kingdom,2007-11-01,82.5,2.1,
United Kingdom,United Kingdom,2007-12-01,83.0,2.1,
United Kingdom,United Kingdom,2008-01-01,82.4,2.2,
United Kingdom,United Kingdom,2008-02-01,83.0,2.5,
United Kingdom,United Kingdom,2008-03-01,83.4,2.5,
United Kingdom,United Kingdom,2008-04-01,84.0,3.0,
United Kingdom,United Kingdom,2008-05-01,84.6,3.3,
United Kingdom,United Kingdom,2008-06-01,85.2,3.8,
United Kingdom,United Kingdom,2008-07-01,85.1,4.4,
United Kingdom,United Kingdom,2008-08-01,85.7,4.7,
United Kingdom,United Kingdom,2008-09-01,86.1,5.2,
United Kingdom,United Kingdom,2008-10-01,85.9,4.5,
United Kingdom,United Kingdom,2008-11-01,85.8,4.1,
United Kingdom,United Kingdom,2008-12-01,85.5,3.1,
United Kingdom,United Kingdom,2009-01-01,84.9,3.0,
United Kingdom,United Kingdom,2009-02-01,85.6,3.2,
United Kingdom,United Kingdom,2009-03-01,85.8,2.9,
United Kingdom,United Kingdom,2009-04-01,86.0,2.3,
United Kingdom,United Kingdom,2009-05-01,86.4,2.2,
United Kingdom,United Kingdom,2009-06-01,86.7,1.8,
United Kingdom,United Kingdom,2009-07-01,86.7,1.8,
United Kingdom,United Kingdom,2009-08-01,87.0,1.6,
United Kingdom,United Kingdom,2009-09-01,87.1,1.1,
United Kingdom,United Kingdom,2009-10-01,87.2,1.5,
United Kingdom,United Kingdom,2009-11-01,87.5,1.9,
United Kingdom,United Kingdom,2009-12-01,88.0,2.9,
United Kingdom,United Kingdom,2010-01-01,87.8,3.5,
United Kingdom,United Kingdom,2010-02-01,88.2,3.0,
United Kingdom,United Kingdom,2010-03-01,88.7,3.4,
United Kingdom,United Kingdom,2010-04-01,89.2,3.7,
United Kingdom,United Kingdom,2010-05-01,89.4,3.4,
United Kingdom,United Kingdom,2010-06-01,89.5,3.2,
United Kingdom,United Kingdom,2010-07-01,89.3,3.1,
United Kingdom,United Kingdom,2010-08-01,89.8,3.1,
United Kingdom,United Kingdom,2010-09-01,89.8,3.1,
United Kingdom,United Kingdom,2010-10-01,90.0,3.2,
United Kingdom,United Kingdom,2010-11-01,90.3,3.3,
United Kingdom,United Kingdom,2010-12-01,91.2,3.7,
United Kingdom,United Kingdom,2011-01-01,91.3,4.0,
United Kingdom,United Kingdom,2011-02-01,92.0,4.4,
United Kingdom,United Kingdom,2011-03-01,92.2,4.0,
United Kingdom,United Kingdom,2011-04-01,93.2,4.5,
United Kingdom,United Kingdom,2011-05-01,93.4,4.5,
United Kingdom,United Kingdom,2011-06-01,93.3,4.2,
United Kingdom,United Kingdom,2011-07-01,93.3,4.4,
United Kingdom,United Kingdom,2011-08-01,93.8,4.5,
United Kingdom,United Kingdom,2011-09-01,94.4,5.2,
United Kingdom,United Kingdom,2011-10-01,94.5,5.0,
United Kingdom,United Kingdom,2011-11-01,94.6,4.8,
United Kingdom,United Kingdom,2011-12-01,95.1,4.2,
United Kingdom,United Kingdom,2012-01-01,94.6,3.6,
United Kingdom,United Kingdom,2012-02-01,95.1,3.4,
United Kingdom,United Kingdom,2012-03-01,95.4,3.5,
United Kingdom,United Kingdom,2012-04-01,96.0,3.0,
United Kingdom,United Kingdom,2012-05-01,95.9,2.8,
United Kingdom,United Kingdom,2012-06-01,95.5,2.4,
United Kingdom,United Kingdom,2012-07-01,95.6,2.6,
United Kingdom,United Kingdom,2012-08-01,96.1,2.5,
United Kingdom,United Kingdom,2012-09-01,96.5,2.2,
United Kingdom,United Kingdom,2012-10-01,97.0,2.7,
United Kingdom,United Kingdom,2012-11-01,97.2,2.7,
United Kingdom,United Kingdom,2012-12-01,97.6,2.7,
United Kingdom,United Kingdom,2013-01-01,97.1,2.7,
United Kingdom,United Kingdom,2013-02-01,97.8,2.8,
United Kingdom,United Kingdom,2013-03-01,98.1,2.8,
United Kingdom,United Kingdom,2013-04-01,98.3,2.4,
United Kingdom,United Kingdom,2013-05-01,98.5,2.7,
United Kingdom,United Kingdom,2013-06-01,98.3,2.9,
United Kingdom,United Kingdom,2013-07-01,98.3,2.8,
United Kingdom,United Kingdom,2013-08-01,98.7,2.7,
United Kingdom,United Kingdom,2013-09-01,99.1,2.7,
United Kingdom,United Kingdom,2013-10-01,99.1,2.2,
United Kingdom,United Kingdom,2013-11-01,99.2,2.1,
United Kingdom,United Kingdom,2013-12-01,99.6,2.0,
United Kingdom,United Kingdom,2014-01-01,99.0,1.9,
United Kingdom,United Kingdom,2014-02-01,99.5,1.7,
United Kingdom,United Kingdom,2014-03-01,99.7,1.6,
United Kingdom,United Kingdom,2014-04-01,100.1,1.8,
United Kingdom,United Kingdom,2014-05-01,100.0,1.5,
United Kingdom,United Kingdom,2014-06-01,100.2,1.9,
United Kingdom,United Kingdom,2014-07-01,99.9,1.6,
United Kingdom,United Kingdom,2014-08-01,100.2,1.5,
United Kingdom,United Kingdom,2014-09-01,100.3,1.2,
United Kingdom,United Kingdom,2014-10-01,100.4,1.3,
United Kingdom,United Kingdom,2014-11-01,100.1,1.0,
United Kingdom,United Kingdom,2014-12-01,100.1,0.5,
United Kingdom,United Kingdom,2015-01-01,99.3,0.3,
United Kingdom,United Kingdom,2015-02-01,99.5,0.0,
United Kingdom,United Kingdom,2015-03-01,99.7,0.0,
United Kingdom,United Kingdom,2015-04-01,99.9,-0.1,
United Kingdom,United Kingdom,2015-05-01,100.1,0.1,
United Kingdom,United Kingdom,2015-06-01,100.2,0.0,
United Kingdom,United Kingdom,2015-07-01,100.0,0.1,
United Kingdom,United Kingdom,2015-08-01,100.3,0.0,
United Kingdom,United Kingdom,2015-09-01,100.2,-0.1,
United Kingdom,United Kingdom,2015-10-01,100.3,-0.1,
United Kingdom,United Kingdom,2015-11-01,100.3,0.1,
United Kingdom,United Kingdom,2015-12-01,100.3,0.2,
United Kingdom,United Kingdom,2016-01-01,99.5,0.3,
United Kingdom,United Kingdom,2016-02-01,99.8,0.3,
United Kingdom,United Kingdom,2016-03-01,100.2,0.5,
United Kingdom,United Kingdom,2016-04-01,100.2,0.3,
United Kingdom,United Kingdom,2016-05-01,100.4,0.3,
United Kingdom,United Kingdom,2016-06-01,100.6,0.5,
United Kingdom,United Kingdom,2016-07-01,100.6,0.6,
United Kingdom,United Kingdom,2016-08-01,100.9,0.6,
United Kingdom,United Kingdom,2016-09-01,101.1,1.0,
United Kingdom,United Kingdom,2016-10-01,101.2,0.9,
United Kingdom,United Kingdom,2016-11-01,101.4,1.2,
United Kingdom,United Kingdom,2016-12-01,101.9,1.6,
United Kingdom,United Kingdom,2017-01-01,101.4,1.8,
United Kingdom,United Kingdom,2017-02-01,102.1,2.3,
United Kingdom,United Kingdom,2017-03-01,102.5,2.3,
United Kingdom,United Kingdom,2017-04-01,102.9,2.7,
United Kingdom,United Kingdom,2017-05-01,103.3,2.9,
United Kingdom,United Kingdom,2017-06-01,103.3,2.6,
United Kingdom,United Kingdom,2017-07-01,103.2,2.6,
United Kingdom,United Kingdom,2017-08-01,103.8,2.9,
United Kingdom,United Kingdom,2017-09-01,104.1,3.0,
United Kingdom,United Kingdom,2017-10-01,104.2,3.0,
United Kingdom,United Kingdom,2017-11-01,104.6,3.1,
United Kingdom,United Kingdom,2017-12-01,104.9,3.0,
United Kingdom,United Kingdom,2018-01-01,104.4,3.0,
United Kingdom,United Kingdom,2018-02-01,104.9,2.7,
United Kingdom,United Kingdom,2018-03-01,105.0,2.5,
United Kingdom,United Kingdom,2018-04-01,105.4,2.4,
United Kingdom,United Kingdom,2018-05-01,105.8,2.4,
United Kingdom,United Kingdom,2018-06-01,105.8,2.4,
United Kingdom,United Kingdom,2018-07-01,105.8,2.5,
United Kingdom,United Kingdom,2018-08-01,106.5,2.7,
United Kingdom,United Kingdom,2018-09-01,106.6,2.4,
United Kingdom,United Kingdom,2018-10-01,106.7,2.4,
United Kingdom,United Kingdom,2018-11-01,107.0,2.3,
United Kingdom,United Kingdom,2018-12-01,107.1,2.1,
United Kingdom,United Kingdom,2019-01-01,106.3,1.8,
United Kingdom,United Kingdom,2019-02-01,106.8,1.9,
United Kingdom,United Kingdom,2019-03-01,107.0,1.9,
United Kingdom,United Kingdom,2019-04-01,107.6,2.1,
United Kingdom,United Kingdom,2019-05-01,107.9,2.0,
United Kingdom,United Kingdom,2019-06-01,107.9,2.0,
United Kingdom,United Kingdom,2019-07-01,107.9,2.1,
United Kingdom,United Kingdom,2019-08-01,108.4,1.7,
United Kingdom,United Kingdom,2019-09-01,108.5,1.7,
United Kingdom,United Kingdom,2019-10-01,108.3,1.5,
United Kingdom,United Kingdom,2019-11-01,108.5,1.5,
United Kingdom,United Kingdom,2019-12-01,108.5,1.3,
United Kingdom,United Kingdom,2020-01-01,108.2,1.8,
United Kingdom,United Kingdom,2020-02-01,108.6,1.7,
United Kingdom,United Kingdom,2020-03-01,108.6,1.5,
United Kingdom,United Kingdom,2020-04-01,108.5,0.8,
United Kingdom,United Kingdom,2020-05-01,108.5,0.5,
United Kingdom,United Kingdom,2020-06-01,108.6,0.6,
United Kingdom,United Kingdom,2020-07-01,109.1,1.0,
United Kingdom,United Kingdom,2020-08-01,108.6,0.2,
United Kingdom,United Kingdom,2020-09-01,109.1,0.5,
United Kingdom,United Kingdom,2020-10-01,109.1,0.7,
United Kingdom,United Kingdom,2020-11-01,108.9,0.3,
United Kingdom,United Kingdom,2020-12-01,109.2,0.6,
United Kingdom,United Kingdom,2021-01-01,109.0,0.7,
United Kingdom,United Kingdom,2021-02-01,109.1,0.4,
United Kingdom,United Kingdom,2021-03-01,109.4,0.7,
United Kingdom,United Kingdom,2021-04-01,110.1,1.5,
United Kingdom,United Kingdom,2021-05-01,110.8,2.1,
United Kingdom,United Kingdom,2021-06-01,111.3,2.5,
United Kingdom,United Kingdom,2021-07-01,111.3,2.0,
United Kingdom,United Kingdom,2021-08-01,112.1,3.2,
United Kingdom,United Kingdom,2021-09-01,112.4,3.1,
United Kingdom,United Kingdom,2021-10-01,113.6,4.2,
United Kingdom,United Kingdom,2021-11-01,114.5,5.1,
United Kingdom,United Kingdom,2021-12-01,115.1,5.4,
United Kingdom,United Kingdom,2022-01-01,114.9,5.5,
United Kingdom,United Kingdom,2022-02-01,115.8,6.2,
United Kingdom,United Kingdom,2022-03-01,117.1,7.0,
United Kingdom,United Kingdom,2022-04-01,120.0,9.0,
United Kingdom,United Kingdom,2022-05-01,120.8,9.1,
United Kingdom,United Kingdom,2022-06-01,121.8,9.4,
United Kingdom,United Kingdom,2022-07-01,122.5,10.1,
United Kingdom,United Kingdom,2022-08-01,123.1,9.9,
United Kingdom,United Kingdom,2022-09-01,123.8,10.1,
United Kingdom,United Kingdom,2022-10-01,126.2,11.1,
United Kingdom,United Kingdom,2022-11-01,126.7,10.7,
United Kingdom,United Kingdom,2022-12-01,127.2,10.5,
United Kingdom,United Kingdom,2023-01-01,126.4,10.1,
United Kingdom,United Kingdom,2023-02-01,127.9,10.4,
United Kingdom,United Kingdom,2023-03-01,128.9,10.1,
United Kingdom,United Kingdom,2023-04-01,130.4,8.7,
United Kingdom,United Kingdom,2023-05-01,131.3,8.7,
United Kingdom,United Kingdom,2023-06-01,131.5,7.9,
United Kingdom,United Kingdom,2023-07-01,130.9,6.8,
United Kingdom,United Kingdom,2023-08-01,131.3,6.7,
United Kingdom,United Kingdom,2023-09-01,132.0,6.7,
United Kingdom,United Kingdom,2023-10-01,132.0,4.6,
United Kingdom,United Kingdom,2023-11-01,131.7,3.9,
United Kingdom,United Kingdom,2023-12-01,132.2,4.0,
United Kingdom,United Kingdom,2024-01-01,131.5,4.0,
United Kingdom,United Kingdom,2024-02-01,132.3,3.4,
United Kingdom,United Kingdom,2024-03-01,133.0,3.2,
United Kingdom,United Kingdom,2024-04-01,133.5,2.3,
United Kingdom,United Kingdom,2024-05-01,133.9,2.0,
United Kingdom,United Kingdom,2024-06-01,134.1,2.0,
United Kingdom,United Kingdom,2024-07-01,133.8,2.2,
United Kingdom,United Kingdom,2024-08-01,134.3,2.2,
United Kingdom,United Kingdom,2024-09-01,134.2,1.7,
United Kingdom,United Kingdom,2024-10-01,135.0,2.3,
United Kingdom,United Kingdom,2024-11-01,135.1,2.6,
United Kingdom,United Kingdom,2024-12-01,135.6,2.5,
United Kingdom,United Kingdom,2025-01-01,135.4,3.0,
United Kingdom,United Kingdom,2025-02-01,136.0,2.8,
United Kingdom,United Kingdom,2025-03-01,136.5,2.6,
United Kingdom,United Kingdom,2025-04-01,138.2,3.5,
United Kingdom,United Kingdom,2025-05-01,138.4,3.4,
United Kingdom,United Kingdom,2025-06-01,138.9,3.6,
United Kingdom,United Kingdom,2025-07-01,139.0,3.8,
United Kingdom,United Kingdom,2025-08-01,139.3,3.8,
United Kingdom,United Kingdom,2025-09-01,139.3,3.8,
United Kingdom,United Kingdom,2025-10-01,139.8,3.6,
United Kingdom,United Kingdom,2025-11-01,139.5,3.2,
United Kingdom,United Kingdom,2025-12-01,140.1,3.4,
